"pro-id";"Nom";"Commune";"Début d'activité";"Fin d'activité";"Prédécesseur";"Successeur";"adresse";"coordonnées";"imprimerie";"patron";"libraire";"Date de brevet (libraire)";"lithographe";"Date de brevet (imprimeur-lithographe)";"imprimeur";"Date de brevet (imprimeur)";"graveur";"relieur";"typographe";"Linotypiste";"journaliste";"photographe";"marchand de journaux";"porteur de journaux";"Notes"
3;2;1;1836;1841;3;56;"12 rue des Procureurs";"50.368508, 3.080329";16;1;1;;1;;1;;0;0;0;0;0;0;0;0;
4;4;1;1794;1818;;5;"5 rue des Chapelets";"50.371998, 3.080716";15;1;1;;0;;1;;0;0;0;0;0;0;0;0;
6;5;1;1806;1840;4;6;"5 rue des Chapelets";"50.371998, 3.080716";15;1;0;;0;;1;"23/04/1823";0;0;0;0;0;0;0;0;
7;6;1;1840;1851;5;30;"5 rue des Chapelets";"50.371998, 3.080716";15;1;1;"30/03/1844";0;;1;"21/02/1840";0;0;0;0;0;0;0;0;
9;7;1;1840;1853;;;;;24;1;0;;0;;1;"1831";0;0;0;0;0;0;0;0;
10;8;1;1846;1853;15;17;"8 rue Notre-Dame-des-Wetz";"50.372047, 3.079391";26;1;0;;1;"15/06/1848";0;;0;0;0;0;0;0;0;0;
11;9;1;1839;1841;14;;;;;0;0;;0;;1;;0;0;0;0;0;0;0;0;
12;10;1;1804;1841;;;"45 rue Saint-Jacques";"50.371173, 3.084092";;0;1;;0;;1;;0;0;0;0;0;0;0;0;
13;11;1;1792;1794;;12;;;;0;0;;0;;0;;0;0;0;0;0;0;0;0;
14;12;1;1794;1794;11;;;;;0;0;;0;;0;;0;0;0;0;0;0;0;0;
15;13;1;1796;;;;;;;0;0;;0;;0;;0;0;0;0;0;0;0;0;
16;14;1;1833;1834;22;9;"44 rue de la Mairie";"50.368094, 3.080445";;0;1;;0;;1;;0;0;0;0;0;0;0;0;"1860 annuaire"
17;15;1;1839;1846;;8;;;;0;0;;1;;0;;1;0;0;0;0;0;0;0;
18;16;1;1792;1804;31;;;;;0;0;;0;;0;;0;0;0;0;0;0;0;0;
19;17;1;1853;1859;8;;"8 rue Notre-Dame-des-Wetz";"0.372047, 3.079391";26;1;1;"03/07/1853";1;"30/03/1853";0;;0;0;0;0;0;0;0;0;"1853 annuaire"
20;18;1;1853;;;;"11 rue de l'Université";"50.367057, 3.080096";;0;0;;1;;1;;0;0;0;0;0;0;0;0;"1860 annuaire"
21;19;1;1831;1854;;1775738041;"45 rue de Bellain";"50.369348, 3.082408";18;1;1;;1;;0;;0;0;0;0;0;0;0;0;
22;20;1;1792;1795;;;;;;0;0;;0;;0;;0;0;0;0;0;0;0;0;
23;21;1;1807;1818;;22;;;;0;1;;0;;1;;0;0;0;0;0;0;0;0;
24;22;1;1818;1828;21;23;;;;0;0;;0;;1;;0;0;0;0;0;0;0;0;
25;23;1;1828;1833;22;14;;;;0;0;;0;;1;;0;0;0;0;0;0;0;0;
26;24;1;1812;1851;;64;"62 rue de la Mairie";"50.368277, 3.079557";;0;0;;0;;1;;0;0;0;0;0;0;0;0;
27;3;1;1815;1835;26;2;"12 rue des Procureurs";"50.368508, 3.080329";14;1;0;;1;;1;"29/12/1815";0;0;0;0;0;0;0;0;
28;25;1;1790;1803;;26;"12 rue des Procureurs";"50.368508, 3.080329";14;1;0;;0;;0;;0;0;0;0;0;0;0;0;
29;26;1;1803;1815;25;3;"12 rue des Procureurs";"50.368508, 3.080329";14;1;0;;0;;1;;0;0;0;0;0;0;0;0;
30;27;1;1822;;;;;;;0;0;;0;;0;;0;0;0;0;0;0;0;0;
31;28;1;1839;1896;;;"1 rue Jean-de-Bologne";"50.372586, 3.074372";19;1;0;;0;;1;;0;0;0;0;0;0;0;0;"1860/1879 annuaire"
32;50;3;;;;;;;;0;1;;0;;0;;0;0;0;0;0;0;0;0;
33;67;1;;;;;"5 rue des Chapelets";"50.371998, 3.080716";15;1;1;;0;;0;;0;0;0;0;0;0;0;0;
34;68;4;;;;;;;37;0;0;;0;;1;;0;0;0;0;0;0;0;0;
35;69;4;;;;;;;;0;1;;0;;1;;0;0;0;0;0;0;0;0;
37;70;1;1681;1689;;;;;;0;0;;0;;0;;0;0;0;0;0;0;0;0;
38;71;1;1634;1638;;;"24 rue des écoles";"50.372545, 3.082188";25;1;0;;0;;1;;0;0;0;0;0;0;0;0;
39;72;1;1596;1630;;;"24 rue des écoles";"50.372545, 3.082188";25;1;0;;0;;1;;0;0;0;0;0;0;0;0;
40;73;1;1617;1641;;;;;;0;0;;0;;0;;0;0;0;0;0;0;0;0;
41;74;1;1634;;;;;;;0;0;;0;;0;;0;0;0;0;0;0;0;0;
42;75;1;1711;1721;;;;;9;1;0;;0;;0;;0;0;0;0;0;0;0;0;
43;76;1;1590;1634;;;;;9;1;0;;0;;0;;0;0;0;0;0;0;0;0;
44;77;1;1642;;;;;;9;1;0;;0;;0;;0;0;0;0;0;0;0;0;
45;78;1;1645;1690;;;;;9;1;0;;0;;0;;0;0;0;0;0;0;0;0;
46;79;1;1711;1721;;;;;9;1;0;;0;;0;;0;0;0;0;0;0;0;0;
47;80;1;1642;1645;;;;;9;1;0;;0;;0;;0;0;0;0;0;0;0;0;
48;81;1;1574;1627;;;;;8;1;0;;0;;0;;0;0;0;0;0;0;0;0;
49;82;1;1627;1630;;;;;8;1;0;;0;;0;;0;0;0;0;0;0;0;0;
50;83;1;1630;1634;;;;;8;1;0;;0;;0;;0;0;0;0;0;0;0;0;
51;84;1;1634;1636;;;;;;0;0;;0;;0;;0;0;0;0;0;0;0;0;
52;85;1;1630;1644;;;;;8;1;0;;0;;0;;0;0;0;0;0;0;0;0;
53;86;1;1635;1641;;;;;8;1;0;;0;;0;;0;0;0;0;0;0;0;0;
54;87;1;1604;1616;;;;;;0;0;;0;;0;;0;0;0;0;0;0;0;0;
55;88;1;1616;1622;;;;;;0;0;;0;;0;;0;0;0;0;0;0;0;0;
56;89;1;1605;1610;;;;;6;1;0;;0;;0;;0;0;0;0;0;0;0;0;
57;91;1;1630;1634;;;;;6;1;0;;0;;0;;0;0;0;0;0;0;0;0;
58;91;1;1659;1688;;;;;6;1;0;;0;;0;;0;0;0;0;0;0;0;0;
59;92;1;1593;;;;;;6;1;0;;0;;0;;0;0;0;0;0;0;0;0;
60;93;1;1563;1578;;;;;6;1;1;;0;;1;;0;1;0;0;0;0;0;0;
61;94;1;1578;1608;;;;;;0;0;;0;;0;;0;0;0;0;0;0;0;0;
62;95;1;1591;;;;;;;0;0;;0;;0;;0;0;0;0;0;0;0;0;
63;96;1;1734;1747;;;;;;0;0;;0;;0;;0;0;0;0;0;0;0;0;
64;97;1;1749;1780;;;;;13;1;0;;0;;0;;0;0;0;0;0;0;0;0;
65;98;1;1726;1747;;;;;13;1;0;;0;;0;;0;0;0;0;0;0;0;0;
66;99;1;1780;1791;;;;;13;1;0;;0;;0;;0;0;0;0;0;0;0;0;"Tué dans un mouvement populaire (source : Lepreux - nos journaux)"
67;100;1;;;;;;;;0;0;;0;;0;;0;0;0;0;0;0;0;0;
68;101;1;1664;1669;;;;;;0;0;;0;;0;;0;0;0;0;0;0;0;0;
69;102;1;1608;1609;;;;;;0;0;;0;;0;;0;0;0;0;0;0;0;0;
70;103;1;1601;1606;;;;;;0;0;;0;;0;;0;0;0;0;0;0;0;0;
71;104;1;1618;1652;;;;;;0;0;;0;;0;;0;0;0;0;0;0;0;0;
72;105;1;1657;1684;;;;;;0;0;;0;;0;;0;0;0;0;0;0;0;0;
73;106;1;1721;1724;;;;;;0;0;;0;;0;;0;0;0;0;0;0;0;0;
74;107;1;1612;1617;;;;;;0;0;;0;;0;;0;0;0;0;0;0;0;0;
75;108;1;1636;1640;;;;;;0;0;;0;;0;;0;0;0;0;0;0;0;0;
76;109;1;1604;1613;;;;;7;1;0;;0;;0;;0;0;0;0;0;0;0;0;
77;110;1;1613;1661;;;;;7;1;0;;0;;0;;0;0;0;0;0;0;0;0;
78;111;1;1661;1665;;;;;7;1;0;;0;;0;;0;0;0;0;0;0;0;0;
79;112;1;1563;1578;;;;;;0;0;;0;;0;;0;0;0;0;0;0;0;0;
80;113;1;1595;;;;;;;0;0;;0;;0;;0;0;0;0;0;0;0;0;
81;114;1;1690;1710;;;;;;0;0;;0;;0;;0;0;0;0;0;0;0;0;
82;115;1;1742;1780;;;;;;0;0;;0;;0;;0;0;0;0;0;0;0;0;
83;116;1;1742;1743;;;;;;0;0;;0;;0;;0;0;0;0;0;0;0;0;
84;117;1;1594;1595;;;;;;0;0;;0;;0;;0;0;0;0;0;0;0;0;
85;118;1;1580;1581;;;;;;0;0;;0;;0;;0;0;0;0;0;0;0;0;
86;119;1;1711;1726;;;;;5;1;0;;0;;0;;0;0;0;0;0;0;0;0;
87;120;1;1635;1659;;;;;5;1;0;;0;;0;;0;0;0;0;0;0;0;0;
88;121;1;1747;1748;;;;;5;1;0;;0;;0;;0;0;0;0;0;0;0;0;
89;122;1;1680;1719;;;;;5;1;0;;0;;0;;0;0;0;0;0;0;0;0;
90;123;1;1616;1649;;;;;4;1;0;;0;;0;;0;0;0;0;0;0;0;0;
91;124;1;1650;1689;;;;;4;1;0;;0;;0;;0;0;0;0;0;0;0;0;
92;125;1;1609;1633;;;;;;0;0;;0;;0;;0;0;0;0;0;0;0;0;
93;126;1;1720;1727;;;;;;0;0;;0;;0;;0;0;0;0;0;0;0;0;
94;127;1;1731;;;;;;;0;0;;0;;0;;0;0;0;0;0;0;0;0;
95;128;1;1662;1704;;;;;;0;0;;0;;0;;0;0;0;0;0;0;0;0;
96;129;1;1704;1742;;;;;;0;0;;0;;0;;0;0;0;0;0;0;0;0;
97;130;1;1743;1769;;;;;;0;0;;0;;0;;0;0;0;0;0;0;0;0;
98;131;1;1667;1672;;;;;;0;0;;0;;0;;0;0;0;0;0;0;0;0;
99;132;1;1633;1653;;;;;;0;0;;0;;0;;0;0;0;0;0;0;0;0;
100;133;1;1654;1657;;;;;;0;0;;0;;0;;0;0;0;0;0;0;0;0;
101;134;1;1673;1680;;;;;;0;0;;0;;0;;0;0;0;0;0;0;0;0;
102;135;1;1719;1726;;;;;;0;0;;0;;0;;0;0;0;0;0;0;0;0;
103;136;1;1643;1645;;;;;;0;0;;0;;0;;0;0;0;0;0;0;0;0;
104;137;1;1752;;;;;;;0;0;;0;;0;;0;0;0;0;0;0;0;0;
105;138;1;1710;1720;;;;;;0;0;;0;;0;;0;0;0;0;0;0;0;0;
106;139;1;1622;1623;;;;;;0;0;;0;;0;;0;0;0;0;0;0;0;0;
107;140;1;1630;1634;;;;;;0;0;;0;;0;;0;0;0;0;0;0;0;0;
108;141;1;1619;1630;;;;;;0;0;;0;;0;;0;0;0;0;0;0;0;0;
109;142;1;1619;1630;;;;;;0;0;;0;;0;;0;0;0;0;0;0;0;0;
110;143;1;1721;1742;;;;;;0;0;;0;;0;;0;0;0;0;0;0;0;0;
111;144;1;1630;1659;;;;;;0;0;;0;;0;;0;0;0;0;0;0;0;0;
112;145;1;1614;1616;;;;;;0;0;;0;;0;;0;0;0;0;0;0;0;0;
113;146;1;1787;;;;;;;0;0;;0;;0;;0;0;0;0;0;0;0;0;
114;147;1;1776;1792;;;;;12;1;0;;0;;0;;0;0;0;0;0;0;0;0;
115;148;1;1724;1776;;;;;12;1;0;;0;;0;;0;0;0;0;0;0;0;0;
116;149;1;1564;1576;;;;"50.373111, 3.082596";;0;0;;0;;0;;0;0;0;0;0;0;0;0;
117;150;1;1619;;;;;;;0;0;;0;;0;;0;0;0;0;0;0;0;0;
118;151;1;1609;1630;;;;;;0;0;;0;;0;;0;0;0;0;0;0;0;0;
120;1775717158;1;;;;;"2 rue de la Cloris";"50.368499, 3.078575";;0;1;;0;;0;;0;0;0;0;0;0;0;0;"1879 annuaire"
121;60;1;1834;1861;7;849553465;"4 et 6 rue de Bellain";"50.368261, 3.082097";24;1;1;"06/11/1834";1;"01/10/1852";1;"03/09/1853";0;0;0;0;0;0;0;0;
123;1775738041;1;1854;1874;19;;"45 rue de Bellain";"50.369348, 3.082408";18;1;0;;1;"13/11/1854";1;"18/09/1870";0;0;0;0;0;0;0;0;"1860/1861 annuaire"
125;32;1;1864;1866;56;;;;16;1;1;;1;;1;;0;0;0;0;0;0;0;0;
126;56;1;1859;1864;2;32;"12 rue des Procureurs";"50.368508, 3.080329";16;1;1;;1;;1;"22/12/1854";0;0;0;0;0;0;0;0;
128;-1959082972;1;1861;1890;60;;"1 rue Saint-Pierre / 32 rue des Procureurs";"50.369224, 3.080866";17;1;1;"05/03/1855";1;"08/07/1861";0;;1;1;0;0;0;0;0;0;"1879 annuaire"
130;66;1;1854;1868;-1674945390;45;"25 rue Saint-Christophe";"50.369784, 3.081448";;0;1;;1;;1;"22/12/1854";0;0;0;0;0;0;0;0;
131;-1702047147;1;;;;;"32 rue du Clocher-Saint-Pierre";"50.370415, 3.079291";;0;0;;0;;1;;0;0;0;0;0;0;0;0;"1879 annuaire"
132;45;1;1868;1869;66;;"19 rue Saint-Pierre [?]";"50.369745, 3.081201";;0;0;;1;;1;;0;0;0;0;0;0;0;0;
133;82943600;1;1876;1898;;1063260530;"63 rue des Wetz";;;0;0;;0;;0;;0;0;1;0;0;0;0;0;"1879 annuaire"
134;49;1;;;;;"45 rue des Blancs Mouchons";"50.371833, 3.081091";;0;1;"01/01/1856";0;;0;;0;1;0;0;0;0;0;0;"1860/1861/1879 annuaire"
135;-1674945390;1;;1854;;66;;;;0;0;;0;;0;;0;0;0;0;0;0;0;0;
136;1293775275;1;1854;;35;;"37 rue de la Mairie";"50.368126, 3.079696";;0;0;;1;;0;;1;0;0;0;0;0;0;0;"1860 annuaire"
137;35;1;1839;1863;;;"31 rue d'Arras";"50.367900, 3.073189";;0;0;;1;"30/09/1839";0;;1;0;0;0;0;0;0;0;"1860/1861 annuaire"
138;64;1;1851;1867;24;;"20 rue Massue";"50.369645, 3.076912";;0;1;;0;;1;;0;0;0;0;0;0;0;0;"1860 annuaire"
139;30;1;1851;;6;;"5 rue des Chapelets";"50.371998, 3.080716";15;1;1;"19/03/1851";1;"20/03/1851";1;"1851";0;0;0;0;0;0;0;0;
140;38;1;1844;;1051683431;;;;;0;1;"30/08/1844";0;;0;;0;0;0;0;0;0;0;0;
141;1051683431;1;;1844;;38;;;;0;0;;0;;0;;0;0;0;0;0;0;0;0;
142;1965964828;1;1846;;;;"28 rue Saint-Jacques";"50.370882, 3.084007";;0;1;"15/05/1846";0;;0;;0;0;0;0;0;0;0;0;"1860 annuaire"
143;535696109;1;1871;;;;;;;0;1;"15/06/1871";0;;0;;0;0;0;0;0;0;0;0;
144;39;1;1839;1852;;60;"30 rue Saint-Jacques";"50.370923, 3.084063";;0;0;;1;"28/11/1839";0;;0;0;0;0;0;0;0;0;
145;1775917560;1;;;;;"28 rue Saint-Jacques";"50.370882, 3.084007";;0;1;;0;;0;;0;0;0;0;0;0;0;0;"1879 annuaire"
147;1849073817;1;;;;;"4 et 6 rue de Bellain";"50.368261, 3.082097";;0;1;;0;;0;;0;0;0;0;0;0;0;0;"1913 annuaire"
149;33;1;;;;;;;;0;1;;0;;0;;0;0;0;0;0;0;0;0;
150;34;1;;;;;;;;0;1;;0;;0;;0;0;0;0;0;0;0;0;
151;36;1;;;;;;;;0;1;;0;;0;;0;0;0;0;0;0;0;0;
152;37;1;;;;;;;;0;1;;0;;0;;0;0;0;0;0;0;0;0;
153;40;1;;;;;;;;0;1;;0;;0;;0;0;0;0;0;0;0;0;
154;41;1;;;;;"17 rue des Ferronniers";"50.369745, 3.081201";;0;1;;0;;0;;0;1;0;0;0;0;0;0;
155;42;1;;;;;"17 rue des Ferronniers";"50.369745, 3.081201";;0;1;;0;;0;;0;0;0;0;0;0;0;0;
156;43;1;;;;;;;;0;0;;0;;1;;0;0;0;0;0;0;0;0;
157;46;1;;1818;;;"rue de la Madeleine";;;0;1;;0;;0;;0;0;0;0;0;0;0;0;
158;47;1;;;;;;;;0;1;;0;;0;;0;0;0;0;0;0;0;0;
159;51;1;;;;;;;;0;1;;0;;0;;0;0;0;0;0;0;0;0;
160;54;1;;1842;;;"1 rue du Clocher Saint-Pierre";"50.369898, 3.081088";;0;1;;0;;0;;0;0;0;0;0;0;0;0;
161;55;1;;;;;"1 rue du Clocher Saint-Pierre";"50.369898, 3.081088";;0;1;;1;;0;;0;0;0;0;0;0;0;0;"1879 annuaire"
162;53;1;;;;;;;;0;1;;0;;0;;0;0;0;0;0;0;0;0;
163;57;1;;;;;"30 rue des Blancs Mouchons";"50.371787, 3.081241";;0;1;;0;;0;;0;0;0;0;0;0;0;0;"1879 annuaire"
164;58;1;;;;;"1 rue du Canteleux";"50.369654, 3.082848";29;1;1;;0;;0;;0;0;0;0;0;0;0;0;"1853 annuaire"
165;16;1;;;;;;;;0;1;;0;;0;;0;0;0;0;0;0;0;0;
166;62;1;;;;;;;;0;1;;0;;0;;0;0;0;0;0;0;0;0;
167;63;1;;;;;"6 rue de la Madeleine";;;0;1;;0;;0;;0;0;0;0;0;0;0;0;
169;1428345909;22;;;;;;;;0;1;;0;;0;;0;0;0;0;0;0;0;0;
170;701979094;1;;;;;"9 rue du Béguinage";"50.371413, 3.079997";;0;0;;0;;0;;0;1;0;0;0;0;0;0;"1860/1861 annuaire"
171;1776153417;1;;;;;"48 rue de Bellain";"50.369447, 3.082676";;0;0;;0;;0;;0;0;1;0;0;0;0;0;"1860/1861 annuaire"
173;-1142789132;1;;;;;"14 rue du Canteleux";"50.369293, 3.083470";;0;0;;0;;0;;0;0;1;0;0;0;0;0;"1860 annuaire / 13 ruelle des archers 1879 annuaire"
174;-1659826529;1;;;;;"12 rue du Canteleux";"50.369322, 3.083384";;0;0;;0;;0;;0;1;0;0;0;0;0;0;"1860 annuaire"
175;-1396035099;1;1842;;;;"1 rue du Clocher Saint-Pierre";"50.369898, 3.081088";;0;1;;0;;0;;0;0;0;0;0;0;0;0;"1860 annuaire"
176;-929135806;1;;;;;"34 rue du Clocher Saint-Pierre";"50.370439, 3.079184";;0;0;;0;;0;;0;1;0;0;0;0;0;0;"1860 annuaire"
177;-1270194533;1;;;;;"13 rue des Procureurs";"50.368586, 3.080219";;0;0;;0;;0;;0;1;0;0;0;0;0;0;"1860/1879 annuaire"
178;1641145152;1;;1894;;;"19 rue des Foulons";"50.367736, 3.078618";;0;0;;1;;0;;0;0;1;0;0;0;0;0;"1860 annuaire/ 1879 annuaire : 17 rue des minimes"
179;1410363969;1;;;;;"24bis rue de Jean-de-Bologne";"50.373898, 3.075635";;0;0;;0;;0;;0;0;1;0;0;0;0;0;"1860 / 1879 annuaire : 28 rue des procureurs"
180;-1731560594;1;;;;;"7 place Jemmapes";"50.367276, 3.087094";;0;0;;0;;1;;0;0;1;0;0;0;0;0;"1860 annuaire  / 1879 annuaire : 21 rue de la Cloris"
181;-67336617;1;;;;;"31 rue de Lille";"50.376928, 3.089384";;0;0;;0;;0;;0;0;1;0;0;0;0;0;"1860 annuaire"
182;1322633036;1;;;;;"17 rue de la Madeleine";"50.369982, 3.082735";;0;0;;0;;0;;0;1;0;0;0;0;0;0;"1860 annuaire"
183;1134710877;1;;;;;"3 rue des Maillets";"50.365425, 3.076802";;0;0;;0;;0;;0;0;1;0;0;0;0;0;"1860/1879 annuaire"
184;-1107579302;1;;;;;"5 rue du Petit-Pont";"50.366540, 3.076118";;0;0;;0;;0;;0;1;0;0;0;0;0;0;"1860 annuaire/ 1879 annuaire: 9 rue d'Ocre"
185;-664632877;1;;;;;"13 rue de la Mairie";"50.367914, 3.080783";;0;0;;0;;0;;0;0;1;0;0;0;0;0;
186;531915800;1;;;;;"4 place du Rivage";"50.370945, 3.077669";;0;0;;0;;0;;0;0;1;0;0;0;0;0;"1860 annuaire / 1879 annuaire : 1 rue Saint-Julien"
188;849553465;1;1861;;60;;"4 et 6 rue de Bellain";"50.368261, 3.082097";24;0;1;;0;;0;;0;0;0;0;0;0;0;0;"1861 annuaire"
189;256546191;1;1873;1910;1775738041;772884486;"45 rue de Bellain";"50.369348, 3.082408";18;1;0;;0;;0;;0;0;0;0;0;0;0;0;"1879 annuaire"
190;772884486;1;1910;;256546191;;"45 rue de Bellain";"50.369348, 3.082408";18;1;0;;0;;0;;0;0;0;0;0;0;0;0;
191;1888535972;1;1890;1914;;;"11 rue de Valenciennes";"50.367240, 3.085584";17;1;0;;1;;1;;0;0;0;0;0;0;0;0;
192;54463759;1;1890;1914;;;"11 rue de Valenciennes";"50.367240, 3.085584";17;1;0;;1;;1;;0;0;0;0;0;0;0;0;
194;-2003487630;1;;;;;;;;0;1;;0;;0;;0;0;0;0;0;0;0;0;
195;1776254569;1;;;;;"1 place d'Armes";"50.367893, 3.081729";;0;0;;0;;0;;1;0;0;0;0;0;0;0;
196;-1256485258;1;;;;;"11 rue de l'arbre sec";"50.373080, 3.073699";;0;0;;0;;0;;0;0;1;0;0;0;0;0;"1879 annuaire"
197;1733693119;1;;1902;;;"24 rue des Fripiers";"50.368150, 3.083690";;0;0;;0;;0;;0;0;1;0;0;0;0;0;"1879 annaurei : 38 rue des fripiers"
198;-261665696;1;;;;;;;;0;0;;0;;1;;0;0;0;0;0;0;0;0;
199;1776514195;1;;;;;"1 rue des Ferronniers";"50.368915, 3.082046";;0;0;;0;;0;;0;1;0;0;0;0;0;0;"1879 annuaire : 16 rue du Clocher Saint-Pierre"
201;1776523303;1;;;;;"8 rue de la Massue";;;0;0;;0;;0;;0;0;1;0;0;0;0;0;
202;1776759884;1;;;;;;;;0;0;;0;;0;;1;0;0;0;0;0;0;0;
203;947839834;1;;;;;;;;0;1;;0;;0;;0;0;0;0;0;0;0;0;
204;-2096049453;1;;;;;"29 rue des Procureurs";"50.369144, 3.080702";;0;0;;0;;0;;0;0;0;0;0;0;0;0;
205;-786570951;1;;;;;;;;0;0;;0;;1;;0;0;0;0;0;0;0;0;
206;-1948660474;1;;;;;;;;0;0;;0;;0;;0;0;0;0;0;0;0;0;
207;-48324328;1;;;;;;;;0;0;;0;;0;;0;0;0;0;0;0;0;0;
208;1192549301;1;;;;;"72 rue de Paris";;;0;0;;0;;0;;0;0;1;0;0;0;0;0;"1879 annuaire"
209;1615805650;1;;;;;"31 rue Saint-Albin";"50.373364, 3.076089";;0;0;;0;;0;;0;0;1;0;0;0;0;0;"1879 annuaire"
210;-1189978901;1;;;;;"5 rue Saint-Benoît";"50.374133, 3.077459";;0;0;;1;;0;;0;0;0;0;0;0;0;0;"1879 annuaire"
211;-344623280;1;;;;;"8 rue de la Boucherie";;;0;0;;0;;0;;0;1;0;0;0;0;0;0;"1879 annuaire"
212;819452177;1;;;;;"1 rue du Canteleux";"50.369654, 3.082848";;0;1;;0;;0;;0;1;0;0;0;0;0;0;"1879 annuaire"
213;842427902;1;;;;;"17 rue du Canteleux";"50.369378, 3.083470";;0;0;;0;;1;;0;0;0;0;0;0;0;0;"1879 annuaire"
214;-1008498265;1;;;;;"10 rue de l'Université";"50.367137, 3.079948";3;0;0;;1;;0;;1;0;0;0;0;0;0;0;"Patron : Goulois 1879 annuaire"
215;1131101276;1;;;;;"29bis rue de la Boucherie";"50.368486, 3.078932";;0;0;;1;;0;;0;0;0;0;0;0;0;0;"1879 annuaire"
216;2098480173;1;;;;;"28 rue d'Esquerchin";"50.370323, 3.072755";;0;0;;0;;0;;0;0;1;0;0;0;0;0;"1879 annuaire"
217;470837738;1;;;;;"13 rue des Ferronniers";"50.369023, 3.081426";;0;0;;0;;0;;0;1;0;0;0;0;0;0;"1879 annuaire / 1913 annuaire : 94 rue de Paris"
218;378198563;1;;;;;"36 rue des Ferronniers / 35 rue des Foulons";;;0;0;;1;;0;;0;0;0;0;0;0;0;0;"Patron : Dutilleul / 1879 annuaire"
219;-802960856;1;;;;;"67 rue des Ferronniers";;;0;0;;0;;0;;0;0;1;0;0;0;0;0;"1879 annuaire"
220;2146072841;1;;;;;"2 rue Fortier/5bis place Saint-Jacques";"50.372061, 3.085230";;0;1;;0;;0;;0;0;0;0;0;0;0;0;"1879/1913 annuaire"
221;-1317948277;1;;;;;"60 rue Saint-Jacques";;;0;1;;0;;1;;0;0;0;0;1;0;0;0;"1879 annuaire, Journal du Nord"
222;-1542452641;1;;;;;"5 rue Saint-Jean";;;0;0;;0;;0;;0;1;0;0;0;0;0;0;"1879 annuaire"
223;1021521076;1;;;;;"36 rue Saint-Juien";;;0;0;;0;;0;;0;0;1;0;0;0;0;0;"1879 annuaire"
224;1998099365;1;;;;;"25 rue Lambrecht";"50.372310, 3.079774";;0;0;;0;;0;;0;0;1;0;0;0;0;0;"1879 annuaire"
225;1949839874;1;;1875;;;"14 rue de la Mairie";"50.368008, 3.080925";;0;1;;1;"26/04/1875";0;;1;0;0;0;0;0;0;0;"1879 annuaire"
226;-514943397;1;;1875;;;"14 rue de la Mairie";"50.368008, 3.080925";;0;1;;1;"26/04/1875";0;;1;0;0;0;0;0;0;0;"1879 annuaire"
227;1168519168;1;;;;;"2 rue d'Ocre/2 ruelle d'Anchin";"50.375860, 3.077618";;0;0;;0;;0;;0;0;1;0;0;0;0;0;"1879 annuaire / Chômage"
228;-1923715071;1;;;;;"86 rue de Paris";;;0;0;;0;;0;;0;0;1;0;0;0;0;0;"1879 annuaire"
229;1007851054;1;;;;;"4 rue des Procureurs";;;0;1;;0;;0;;0;0;0;0;0;0;0;0;"1879 annuaire"
230;976117772;1;;;;;"1 rue du Pont-de-Tournay";"50.372483, 3.079066";;0;0;;0;;1;;0;0;0;0;0;0;0;0;"1879 annuaire"
231;-1418614243;1;;;;;"22 rue des Wetz";"50.373753, 3.080635";;0;0;;1;;0;;0;0;0;0;0;0;0;0;"1879 rue des Wetz"
232;1776840240;22;;;;;;;;0;0;;0;;1;;0;0;0;0;0;0;0;0;
233;-1220427810;22;;;;;;;;0;0;;0;;0;;0;0;1;0;0;0;0;0;
234;215645809;22;;;;;"1 rue Pasteur";"50.359342, 3.280808";;0;0;;0;;1;;0;0;0;0;0;0;0;0;
235;1785736711;1;;;;;"2 rue de l'Abbaye-des-Prés";"50.374641, 3.079801";;0;0;;0;;0;;0;0;0;0;1;0;0;0;"1913 annuaire (journaliste chez Bassée [?], témoin de son décès)"
236;500326716;1;;;;;"8 rue Alfred Trannin";;18;0;0;;1;;0;;0;0;1;0;0;0;0;0;"Patron : Dutilleux, 1913 annuaire"
237;1683423117;1;;;;;"8 ruelle d'Anchin";;18;0;0;;0;;0;;0;1;0;0;0;0;0;0;"1913 annuaire/ Patron : Dutilleux"
238;-1356621366;1;;;;;"54 rue d'Arras";;;0;0;;0;;0;;0;0;1;0;0;0;0;0;"1913 annuaire"
239;26082568;1;;;;;"34 rue de Bellain";"50.368965, 3.082432";;0;0;;0;;1;;0;0;0;0;0;0;0;0;"1913 annuaire"
240;-246764951;1;;;;;"61 rue du Canteleux";;;0;0;;0;;0;;1;0;0;0;0;0;0;0;"1913 annuaire"
241;-864400778;1;;;;;"21 place d'Armes";"50.367964, 3.082639";;0;0;;0;;0;;0;0;0;0;0;1;0;0;"1913 annuaire"
242;-1612375361;1;;;;;"25-27 place d'Armes";"50.367909, 3.082880";30;0;1;;0;;1;;0;0;0;0;0;0;0;0;"1913 annuaire"
243;638406036;1;;;;;"32 rue de la Cloche";"50.370222, 3.075437";;0;0;;0;;0;;0;0;1;0;0;0;0;0;"1913 annuaire"
245;1776857921;1;;;;;"6 rue de la Cloris";;;0;1;;0;;0;;0;0;0;0;0;0;0;0;"1913 annuaire"
246;-97261458;1;;;;;"16 avenue Détrain";"50.364152, 3.091074";;0;0;;0;;0;;0;0;1;0;0;0;0;0;"1913 annuaire,"
247;326283095;1;;;;;"28 rue des Écoles";"50.372655, 3.082311";;0;0;;0;;0;;0;0;0;0;0;1;0;0;"1913 annuaire"
248;-680461236;1;;;;;"1 rue François Lemaire";"50.376243, 3.079168";;0;0;;0;;0;;0;0;1;0;0;0;0;0;"1913 annuaire"
249;-125263523;1;;;;;"59 rue des Fripiers";;;0;0;;0;;0;;0;0;1;0;0;0;0;0;"1913 annuaire"
250;-1220678822;1;;;;;"42 rue du Grand-Bail";;;0;0;;0;;0;;0;0;1;0;0;0;0;0;"1913 annuaire"
252;1809136339;1;;;;;"11 rue de l'Hippodrome";"50.364022, 3.082604";;0;0;;0;;1;;0;0;0;0;0;0;0;0;"1913 annuaire"
254;1561651480;1;;;;;"18 rue d'Infroy";"50.367647, 3.075252";;0;0;;0;;0;;0;0;0;0;0;1;0;0;"1913 annuaire"
255;-199718599;1;;;;;"6 rue du Kiosque";;;0;0;;0;;1;;0;0;0;0;0;0;0;0;"1913 annuaire (ouvrier)"
256;-1340067436;1;;1911;;;"12 rue Léon Gambetta";"50.368508, 3.080329";;0;0;;0;;1;;0;0;0;0;0;0;0;0;"1879 annuaire"
257;-455518970;1;;;;;"12 rue Léon Gambetta";"50.368508, 3.080329";;0;0;;0;;1;;0;0;0;0;0;0;0;0;"1913 annuaire (fils de Achille Bassée ?)"
258;538400271;1;;;;;"48 rue de Lille";;;0;0;;0;;0;;0;0;0;0;0;1;0;0;"1913 annuaire"
260;338401956;1;;;;;"14 rue Merlin de Douai";"50.369303, 3.078361";;0;1;;0;;0;;0;0;0;0;0;0;0;0;"1913 annuaire"
262;1063260530;1;;;;;"4 rue Notre-Dame des Wetz";"50.371904, 3.079248";;0;0;;0;;1;;0;0;0;0;0;0;0;0;"1913 annuaire, bureau de l'Echo Douaisien, de la Scarpe de la Gazette de Sin-le-Noble"
264;370113803;1;;;;;"24 rue de Paris";"50.367017, 3.081290";;0;0;;0;;0;;0;0;0;0;0;1;0;0;"1913 annuaire"
265;382786800;1;;;;;"1 rue du Pied d'Argent/ 45 place d'Armes";"50.367637, 3.083730";30;0;0;;0;;0;;0;0;1;0;0;0;0;0;"Patron : wacquez / 1913 annuaire"
266;892761649;1;;;;;"3 rue du Pont des Dominicains";"50.368450, 3.076352";;0;0;;0;;1;;0;0;0;0;0;0;0;0;"1913 annuaire"
267;-1610429282;1;;;;;"119 avenue du Quatre-Septembre";"50.363828, 3.089701";;0;0;;0;;0;;0;0;0;0;1;0;0;0;"1913 annuaire"
268;718617596;3;;;;;;;;0;1;;0;;0;;0;0;0;0;0;1;0;0;"1913 annuaire"
269;903080903;3;;;;;;;;0;1;;0;;1;;0;0;0;0;0;0;0;0;"1913 annuaire"
270;-27348626;4;;;;;;;;0;0;;0;;1;;0;0;0;0;0;0;0;0;
271;2140013655;1;;;;;;;;0;0;;0;;0;;0;0;0;0;0;1;0;0;
272;-1499665076;1;;;;;;;30;0;0;;0;;0;;0;0;1;0;0;0;0;0;"Patron : Wacquez"
273;499646045;1;;;;;"36 rue de la Cuve d'Or / 38 rue des Ferronniers";;3;0;0;;0;;0;;0;0;1;0;0;0;0;0;"Patron inconnu / Patron : Goulois"
275;1894728794;1;;;;;;;3;0;0;;0;;1;;0;0;0;0;0;0;0;0;"Patron : Goulois"
276;-1510481965;1;;;;;"10 rue des Clarisses";"50.365527, 3.081316";30;0;0;;0;;0;;0;0;0;0;0;0;0;1;"Patron : Wacquez"
277;-177608168;1;;;;;"34 terrasse du réservoir";;;0;0;;1;;0;;0;0;0;0;0;0;0;0;
278;1508881977;1;;;;;"35 rue de Paris";"50.366236, 3.081163";18;0;0;;0;;1;;0;0;0;0;0;0;0;0;"Patron : Dutilleux"
279;382786800;1;;;;;;;30;0;0;;0;;0;;0;0;1;0;0;0;0;0;"Patron : Wacquez"
280;1578778118;1;;;;;"26 rue de Paris";"50.366971, 3.081260";;0;0;;0;;1;;0;0;0;0;0;0;0;0;"Patron : lui-même"
281;-1831162972;1;;;;;"28 rue de Paris";"50.366913, 3.081239";;0;0;;0;;0;;0;0;1;0;0;0;0;0;"Patron: lui-même"
282;-73038891;1;;;;;"38 rue de Paris";;;0;0;;0;;0;;0;0;1;0;0;0;0;0;"Patron : Delarue"
283;2093582962;1;;;;;"16 rue de la Comédie";"50.366511, 3.078248";;0;0;;0;;1;;0;0;0;0;0;0;0;0;"Patron inconnu"
284;-464535029;1;;;;;"34 rue des Ferronniers";"50.369300, 3.080431";;0;0;;0;;0;;0;0;1;0;0;0;0;0;"Patron : Crépin"
285;1444609520;1;;;;;;;;0;0;;0;;0;;0;0;1;0;0;0;0;0;"Patron : Ladrière"
286;-344623280;1;;;1007851054;;;;;0;1;;0;;0;;0;0;0;0;0;0;0;0;"Patron : Palma"
287;-373434978;1;;;;;"4 rue de la Cloris";;;0;0;;0;;0;;0;0;1;0;0;0;0;0;"Patron : Bassée"
288;1976205511;1;;;;;"6 place du Marché au Poisson";;18;0;0;;0;;0;;0;0;1;0;0;0;0;0;"Patron : Dutilleux"
289;-1880321971;1;;;;;"47 rue de la mairie";;;1;0;;0;;1;;0;0;0;0;0;0;0;0;"Patron : lui-même"
290;679119754;1;;;;;"34 rue de Bellain";"50.368965, 3.082432";;0;0;;0;;0;;0;0;0;0;0;0;0;0;"Patron : lui-même"
291;-412581053;1;;;;;"17 rue de Bellain";"50.368610, 3.082024";;1;0;;0;;0;;0;0;0;0;0;1;0;0;"Patron : lui-même"
292;1777450111;1;;;;;"10 place d'Armes";"50.367572, 3.082038";;0;0;;0;;0;;0;0;0;0;1;0;0;0;"Echo Douaisien"
293;-1281868716;1;;;;;"32 place d'Armes";"50.367360, 3.083473";17;0;0;;0;;0;;0;0;1;0;0;0;0;0;"Patron : Crépin"
294;-923397435;1;;;;;"44 rue des Fripiers";;;0;0;;0;;0;;0;1;0;0;0;0;0;0;"Patron : lui-même"
295;6179490;1;;;;;"50 rue des Fripiers";;17;0;0;;0;;0;;0;0;1;0;0;0;0;0;"Patron : Crépin"
296;-970937733;1;;;;;"3 rue des Fripiers";"50.367916, 3.083333";;0;0;;0;;0;;0;0;0;0;0;0;1;0;"Patron : Plaisant"
297;-1532462688;1;;;;;"29 rue des Fripiers";"50.368359, 3.083655";;0;0;;0;;0;;0;0;1;0;0;0;0;0;"Patron : Bassée"
298;-1763499743;1;;;;;"37 rue des Fripiers";;30;0;0;;0;;0;;0;0;1;0;0;0;0;0;"Patron : Wacquez"
299;-118458162;1;;;;;"28 rue Jean Bellegambe";"50.369779, 3.081397";;0;1;;0;;0;;0;0;0;0;0;0;0;0;"Patronne : elle-même"
300;1888846764;1;;;;;"11 rue Saint-Eloi";"50.364181, 3.079286";;0;0;;0;;0;;0;1;0;0;0;0;0;0;"Patron : Lacombe"
301;-1382765251;1;;;;;"34 rue du Canteleux";"50.368746, 3.084404";;0;0;;0;;0;;0;0;0;0;0;1;0;0;"Patron : lui-même"
302;-184073798;1;;;;;"6 rue Neuve-Notre-Dame";;;0;0;;0;;0;;0;0;1;0;0;0;0;0;"Patron : Brugère"
303;-472667725;1;;;;;"8 rue Neuve-Notre-Dame";;18;0;0;;0;;0;;0;1;0;0;0;0;0;0;"Patron : Dutilleux"
304;1684776568;1;;;;;"14 rue Neuve-Notre-Dame";"50.366236, 3.085908";;0;0;;0;;0;;0;0;1;0;0;0;0;0;"Patronne : veuve Linez"
305;-1535372519;1;;;;;"2 ruelle d'Anchin";"50.366460, 3.085388";;0;0;;0;;0;;0;0;1;0;0;0;0;0;"Chômage"
306;1815597414;1;;;;;"1 ruelle d'Anchin";"50.366432, 3.085463";30;0;0;;0;;0;;0;0;0;0;0;0;0;1;"Patron : Wacquez"
307;124875503;1;;;;;"13 rue de Cambrai";"50.362583, 3.078551";;1;0;;0;;0;;0;0;0;0;0;1;0;0;"Patron : lui-même"
308;-1930170876;1;;;;;"3 rue du Canteleux";"50.369591, 3.082896";;0;0;;0;;0;;0;0;0;0;1;0;0;0;"Echo du Nord"
309;1538813621;1;;;;;"15 rue du Canteleux";"50.369377, 3.083459";17;0;0;;0;;0;;0;0;0;1;0;0;0;0;"Patron : Crépin"
310;-1222503470;1;;;;;"43 rue du Canteleux";;;0;0;;0;;0;;0;1;0;0;0;0;0;0;"Patron : lui-même"
311;692856811;1;;;;;"13 rue du Gouvernement";"50.370611, 3.078436";;0;0;;0;;1;;0;0;0;0;0;0;0;0;"Patron : lui-même"
312;1375741520;1;;;;;"13 rue du Gouvernement";"50.370611, 3.078436";;0;0;;0;;1;;0;0;0;0;0;0;0;0;"Patron : Falempin"
313;-1871537135;1;;;;;"13 rue du Gouvernement";"50.370611, 3.078436";;0;0;;0;;1;;0;0;0;0;0;0;0;0;"Patron : Falempin"
314;-878922498;1;;;;;"4 rue Notre-Dame-des-Wetz";"50.371904, 3.079248";;0;0;;0;;1;;0;0;0;0;0;0;0;0;"Patronne : Herfeuille Clémence"
315;1588069543;1;;;;;"4 rue Notre-Dame-des-Wetz";"50.371904, 3.079248";;0;1;;0;;0;;0;0;0;0;0;0;0;0;"Patronne : elle-même"
316;-1099506852;1;;;;;;;;0;0;;0;;1;;0;0;0;0;0;0;0;0;"Patron : lui-même"
318;1947213073;1;;;;;"10 rue Victor Hugo [?]";;;0;0;;0;;0;;0;1;0;0;0;0;0;0;
321;-481352772;1;1877;1879;;;;;;0;0;;0;;0;;0;0;0;0;1;0;0;0;"L'ami du peuple"
323;1376006157;1;1880;1904;-481352772;;;;;0;0;;0;;0;;0;0;0;0;1;0;0;0;"L'ami du peuple"
324;-1339547574;1;;;;;;;;0;0;;0;;0;;0;0;0;0;0;0;0;0;
328;-326616842;1;;;;;;;;0;0;;0;;0;;0;0;0;0;1;0;0;0;"Annonces et affiches du département du nord"
329;-2132349099;1;;;;;;;3;0;0;;0;;0;;0;0;0;0;1;0;0;0;"Echo Douaisien"
330;1915595700;1;;;;;;;;0;0;;0;;1;;0;0;0;0;1;0;0;0;"Journal d'Agriculture du Département du Nord"
331;1400645025;1;;;;;;;;0;0;;0;;0;;0;0;0;0;1;0;0;0;"Journal d'Agriculture du Département du Nord"
332;971064142;1;;;;;;;;0;0;;0;;0;;0;0;0;0;1;0;0;0;"Journal d'Agriculture du Département du Nord"
333;-1533290389;1;;;;;;;;0;0;;0;;0;;0;0;0;0;1;0;0;0;"Le Libéral du Nord"
334;1409793558;1;;;;;;;;0;0;;0;;0;;0;0;0;0;1;0;0;0;"Le Petit Douaisien"
335;1369714143;1;;;;;;;;0;0;;0;;0;;0;0;0;0;1;0;0;0;"Le Petit Douaisien"
336;-914469288;1;;;;;;;;0;0;;0;;0;;0;0;0;0;1;0;0;0;"La Revanche de l'Armée du Nord"
337;1407177700;1;;;;;;;;0;0;;0;;0;;0;0;0;0;1;0;0;0;"Revue Indépendante du Nord"
338;-1171526478;1;;;;;;;;0;0;;0;;0;;0;0;0;0;1;0;0;0;"Le Salon du Nord"
339;910367202;1;;;;;;;;0;0;;0;;0;;0;0;0;0;1;0;0;0;"Douai Nouveau"
340;-551417731;1;;;;;;;;0;1;;0;;0;;0;0;0;0;0;0;0;0;
